big_image,placed_image,x,y,angle_deg
gen0_1778599877.jpg,b_draw_2.png,667,1072,162.962
gen0_1778599877.jpg,g_skip.png,3255,1405,312.318
gen0_1778599877.jpg,y_7.png,2089,1721,9.718
gen0_1778599877.jpg,b_1.png,1755,1346,98.861
gen0_1778599877.jpg,draw_4.png,1051,1742,56.121
gen0_1778599877.jpg,g_3.png,1076,98,320.729
gen0_1778599877.jpg,b_3.png,3018,895,162.357
gen0_1778599877.jpg,g_reverse.png,379,834,234.159
gen0_1778599877.jpg,r_3.png,2757,716,310.585
gen0_1778599877.jpg,r_0.png,2331,1145,100.189
gen1_1778599877.jpg,r_9.png,3339,1779,280.846
gen1_1778599877.jpg,g_2.png,1149,1130,86.341
gen1_1778599877.jpg,b_9.png,545,1733,152.214
gen1_1778599877.jpg,wild.png,79,1241,23.158
gen1_1778599877.jpg,y_3.png,2492,607,250.125
gen1_1778599877.jpg,y_0.png,2765,341,239.858
gen1_1778599877.jpg,r_3.png,2525,505,315.913
gen1_1778599877.jpg,b_3.png,590,617,87.415
gen1_1778599877.jpg,b_skip.png,669,220,109.906
gen1_1778599877.jpg,r_8.png,2797,1189,192.042
gen2_1778599878.jpg,y_6.png,2394,595,50.988
gen2_1778599878.jpg,y_reverse.png,690,137,321.276
gen2_1778599878.jpg,r_2.png,1859,508,67.301
gen2_1778599878.jpg,y_5.png,425,2086,260.506
gen2_1778599878.jpg,r_6.png,3242,2087,282.931
gen2_1778599878.jpg,g_5.png,1633,888,99.774
gen2_1778599878.jpg,r_skip.png,795,136,212.737
gen2_1778599878.jpg,b_5.png,1217,1670,31.951
gen2_1778599878.jpg,b_8.png,3083,1834,279.405
gen2_1778599878.jpg,b_3.png,3316,1332,28.232
gen3_1778599878.jpg,g_9.png,3298,1455,143.142
gen3_1778599878.jpg,y_draw_2.png,2088,177,277.905
gen3_1778599878.jpg,r_4.png,1539,785,342.006
gen3_1778599878.jpg,g_2.png,2049,1653,115.668
gen3_1778599878.jpg,r_0.png,1998,1205,276.163
gen3_1778599878.jpg,b_7.png,1335,1100,87.679
gen3_1778599878.jpg,b_5.png,2315,1592,9.556
gen3_1778599878.jpg,g_8.png,111,877,94.018
gen3_1778599878.jpg,g_reverse.png,1179,1849,76.234
gen3_1778599878.jpg,y_skip.png,2440,235,245.416
gen4_1778599878.jpg,wild.png,815,1794,149.609
gen4_1778599878.jpg,wild.png,2408,1733,265.411
gen4_1778599878.jpg,g_3.png,462,721,1.965
gen4_1778599878.jpg,r_4.png,351,757,227.6
gen4_1778599878.jpg,b_reverse.png,1474,1842,115.34
gen4_1778599878.jpg,b_6.png,3185,1234,260.46
gen4_1778599878.jpg,r_skip.png,3393,1580,170.633
gen4_1778599878.jpg,y_0.png,1322,1924,220.609
gen4_1778599878.jpg,y_skip.png,1729,1420,182.425
gen4_1778599878.jpg,b_skip.png,1814,1054,94.473
gen5_1778599879.jpg,r_2.png,938,370,70.616
gen5_1778599879.jpg,r_1.png,3328,819,182.575
gen5_1778599879.jpg,wild.png,1266,474,138.906
gen5_1778599879.jpg,r_5.png,1385,128,351.809
gen5_1778599879.jpg,g_1.png,1184,1317,162.923
gen5_1778599879.jpg,b_3.png,580,858,16.789
gen5_1778599879.jpg,wild.png,2987,581,166.115
gen5_1778599879.jpg,y_3.png,1838,1375,70.583
gen5_1778599879.jpg,y_9.png,1288,1082,349.463
gen5_1778599879.jpg,b_3.png,1233,1011,121.577
gen6_1778599879.jpg,y_skip.png,3440,1650,347.228
gen6_1778599879.jpg,r_reverse.png,1913,314,335.812
gen6_1778599879.jpg,r_8.png,1455,1531,237.802
gen6_1778599879.jpg,g_reverse.png,2713,2143,74.122
gen6_1778599879.jpg,r_8.png,2451,506,346.969
gen6_1778599879.jpg,g_7.png,163,1722,269.085
gen6_1778599879.jpg,y_draw_2.png,251,731,83.774
gen6_1778599879.jpg,g_reverse.png,1235,238,277.864
gen6_1778599879.jpg,g_9.png,2869,1221,59.442
gen6_1778599879.jpg,b_6.png,156,983,224.013
gen7_1778599879.jpg,y_1.png,2805,173,351.521
gen7_1778599879.jpg,r_7.png,504,1039,21.446
gen7_1778599879.jpg,r_9.png,826,1749,211.299
gen7_1778599879.jpg,b_draw_2.png,2606,1627,275.55
gen7_1778599879.jpg,r_9.png,668,1864,155.297
gen7_1778599879.jpg,r_draw_2.png,1689,2124,95.222
gen7_1778599879.jpg,g_skip.png,2345,126,293.59
gen7_1778599879.jpg,g_9.png,3020,1790,173.349
gen7_1778599879.jpg,r_6.png,1012,1667,301.478
gen7_1778599879.jpg,y_1.png,3329,225,16.714
gen8_1778599880.jpg,r_9.png,2624,365,239.851
gen8_1778599880.jpg,wild.png,2837,1386,242.169
gen8_1778599880.jpg,g_skip.png,1604,1922,299.262
gen8_1778599880.jpg,y_0.png,1614,1414,34.172
gen8_1778599880.jpg,b_6.png,1360,1343,331.395
gen8_1778599880.jpg,g_draw_2.png,1288,1765,252.984
gen8_1778599880.jpg,g_7.png,2854,1486,314.823
gen8_1778599880.jpg,b_reverse.png,2875,455,256.271
gen8_1778599880.jpg,g_reverse.png,139,515,76.492
gen8_1778599880.jpg,g_0.png,1100,309,157.218
gen9_1778599880.jpg,b_3.png,1580,2097,105.724
gen9_1778599880.jpg,y_skip.png,479,1648,173.695
gen9_1778599880.jpg,y_7.png,208,731,301.53
gen9_1778599880.jpg,r_5.png,1790,1711,146.718
gen9_1778599880.jpg,r_1.png,3428,2004,11.253
gen9_1778599880.jpg,y_5.png,2304,1085,108.425
gen9_1778599880.jpg,r_skip.png,1485,161,327.105
gen9_1778599880.jpg,y_draw_2.png,356,1932,305.97
gen9_1778599880.jpg,b_3.png,2065,1205,91.41
gen9_1778599880.jpg,y_9.png,344,695,222.392
gen10_1778599880.jpg,y_5.png,1225,164,69.913
gen10_1778599880.jpg,y_0.png,2192,1792,202.864
gen10_1778599880.jpg,y_6.png,358,188,139.801
gen10_1778599880.jpg,g_7.png,2408,689,246.535
gen10_1778599880.jpg,y_0.png,3326,743,156.804
gen10_1778599880.jpg,y_reverse.png,2746,1629,162.26
gen10_1778599880.jpg,g_skip.png,91,1322,130.15
gen10_1778599880.jpg,r_7.png,587,1485,220.269
gen10_1778599880.jpg,y_6.png,6,442,140.58
gen10_1778599880.jpg,g_3.png,1120,1028,28.712
gen11_1778599880.jpg,g_3.png,1790,1464,171.236
gen11_1778599880.jpg,b_8.png,405,835,95.38
gen11_1778599880.jpg,b_9.png,2472,1637,207.983
gen11_1778599880.jpg,r_3.png,2600,419,48.966
gen11_1778599880.jpg,b_4.png,1528,279,228.89
gen11_1778599880.jpg,g_9.png,2972,974,275.115
gen11_1778599880.jpg,g_reverse.png,1463,311,184.434
gen11_1778599880.jpg,y_8.png,280,1574,190.199
gen11_1778599880.jpg,b_0.png,393,835,23.897
gen11_1778599880.jpg,b_9.png,1870,441,64.036
gen12_1778599881.jpg,y_3.png,2204,2043,80.351
gen12_1778599881.jpg,y_6.png,1156,1455,116.614
gen12_1778599881.jpg,y_9.png,1879,1398,296.354
gen12_1778599881.jpg,b_reverse.png,2646,781,152.308
gen12_1778599881.jpg,draw_4.png,551,516,40.63
gen12_1778599881.jpg,r_9.png,1810,964,172.956
gen12_1778599881.jpg,g_skip.png,3260,1826,131.646
gen12_1778599881.jpg,r_0.png,421,1008,267.708
gen12_1778599881.jpg,g_skip.png,2713,1380,101.386
gen12_1778599881.jpg,b_5.png,1556,1429,263.631
gen13_1778599881.jpg,draw_4.png,3423,1160,189.246
gen13_1778599881.jpg,y_2.png,1682,635,44.21
gen13_1778599881.jpg,r_reverse.png,2917,648,14.481
gen13_1778599881.jpg,b_reverse.png,2506,1408,110.676
gen13_1778599881.jpg,g_skip.png,384,1680,78.04
gen13_1778599881.jpg,r_2.png,2711,588,318.477
gen13_1778599881.jpg,r_reverse.png,723,244,15.984
gen13_1778599881.jpg,y_5.png,2276,2235,271.962
gen13_1778599881.jpg,b_6.png,334,1601,71.667
gen13_1778599881.jpg,y_skip.png,1660,1290,198.31
gen14_1778599881.jpg,r_4.png,1301,674,31.31
gen14_1778599881.jpg,r_reverse.png,2560,991,347.343
gen14_1778599881.jpg,r_9.png,3202,1917,21.876
gen14_1778599881.jpg,g_draw_2.png,3380,1067,345.899
gen14_1778599881.jpg,r_4.png,3261,937,166.229
gen14_1778599881.jpg,y_3.png,2498,1593,64.811
gen14_1778599881.jpg,draw_4.png,417,1757,290.127
gen14_1778599881.jpg,r_2.png,2978,810,351.638
gen14_1778599881.jpg,b_reverse.png,1528,486,358.032
gen14_1778599881.jpg,b_5.png,2545,371,155.995
gen15_1778599881.jpg,g_8.png,1236,1171,205.575
gen15_1778599881.jpg,y_1.png,2554,1924,84.127
gen15_1778599881.jpg,y_9.png,3260,1460,77.833
gen15_1778599881.jpg,g_5.png,2211,1827,33.345
gen15_1778599881.jpg,r_2.png,1258,1839,36.75
gen15_1778599881.jpg,y_9.png,233,505,198.456
gen15_1778599881.jpg,y_6.png,1430,1890,233.18
gen15_1778599881.jpg,y_3.png,2748,1323,63.203
gen15_1778599881.jpg,r_6.png,2381,2143,281.486
gen15_1778599881.jpg,g_7.png,253,85,51.439
gen16_1778599882.jpg,g_skip.png,2294,1142,327.642
gen16_1778599882.jpg,b_2.png,336,1575,266.028
gen16_1778599882.jpg,r_2.png,2655,426,272.071
gen16_1778599882.jpg,b_reverse.png,1237,1385,58.322
gen16_1778599882.jpg,y_7.png,1989,1703,229.092
gen16_1778599882.jpg,r_8.png,846,1280,148.737
gen16_1778599882.jpg,g_draw_2.png,516,1644,135.057
gen16_1778599882.jpg,g_skip.png,2690,1195,268.954
gen16_1778599882.jpg,g_6.png,3198,452,210.318
gen16_1778599882.jpg,b_5.png,1697,182,249.975
gen17_1778599882.jpg,y_5.png,846,1531,22.142
gen17_1778599882.jpg,r_3.png,2348,257,118.29
gen17_1778599882.jpg,y_6.png,2788,903,303.395
gen17_1778599882.jpg,y_1.png,968,1179,278.606
gen17_1778599882.jpg,r_5.png,2409,236,127.147
gen17_1778599882.jpg,y_4.png,3038,126,194.367
gen17_1778599882.jpg,b_7.png,2922,1327,277.887
gen17_1778599882.jpg,y_6.png,1370,1427,29.932
gen17_1778599882.jpg,g_9.png,1592,1332,233.544
gen17_1778599882.jpg,draw_4.png,2294,1882,259.869
gen18_1778599882.jpg,y_3.png,1553,1818,91.017
gen18_1778599882.jpg,y_skip.png,2676,1269,48.494
gen18_1778599882.jpg,y_7.png,1234,1872,218.285
gen18_1778599882.jpg,r_4.png,2497,975,346.699
gen18_1778599882.jpg,b_0.png,1024,964,264.591
gen18_1778599882.jpg,b_9.png,1094,240,358.301
gen18_1778599882.jpg,g_9.png,3123,1642,171.696
gen18_1778599882.jpg,y_2.png,1504,1447,144.894
gen18_1778599882.jpg,y_3.png,2230,1700,297.596
gen18_1778599882.jpg,y_9.png,521,1215,31.615
gen19_1778599882.jpg,g_reverse.png,2479,1706,71.519
gen19_1778599882.jpg,g_4.png,308,1596,166.054
gen19_1778599882.jpg,b_9.png,645,1016,317.991
gen19_1778599882.jpg,y_8.png,828,627,34.038
gen19_1778599882.jpg,g_9.png,2674,1569,179.413
gen19_1778599882.jpg,b_1.png,427,902,106.93
gen19_1778599882.jpg,r_2.png,2393,246,0.446
gen19_1778599882.jpg,y_skip.png,1788,1499,147.976
gen19_1778599882.jpg,r_7.png,326,912,299.515
gen19_1778599882.jpg,b_3.png,2406,95,304.528
gen20_1778599883.jpg,y_6.png,2065,255,353.869
gen20_1778599883.jpg,b_reverse.png,1415,1815,185.615
gen20_1778599883.jpg,y_reverse.png,1212,959,327.336
gen20_1778599883.jpg,y_2.png,1011,683,148.782
gen20_1778599883.jpg,y_0.png,2111,530,222.158
gen20_1778599883.jpg,r_draw_2.png,1701,1445,64.766
gen20_1778599883.jpg,g_7.png,3267,1732,22.196
gen20_1778599883.jpg,r_5.png,2049,545,304.236
gen20_1778599883.jpg,r_9.png,973,432,317.418
gen20_1778599883.jpg,b_1.png,1318,296,3.295
gen21_1778599883.jpg,b_5.png,965,804,49.248
gen21_1778599883.jpg,b_skip.png,1632,610,86.762
gen21_1778599883.jpg,b_3.png,545,277,41.838
gen21_1778599883.jpg,draw_4.png,1833,1642,355.765
gen21_1778599883.jpg,g_2.png,2866,946,349.368
gen21_1778599883.jpg,b_2.png,16,312,293.123
gen21_1778599883.jpg,r_8.png,1437,1721,55.128
gen21_1778599883.jpg,g_3.png,1438,64,190.918
gen21_1778599883.jpg,b_2.png,2674,1626,188.499
gen21_1778599883.jpg,g_9.png,935,252,156.324
gen22_1778599883.jpg,y_draw_2.png,842,146,126.76
gen22_1778599883.jpg,b_1.png,3237,1952,298.669
gen22_1778599883.jpg,r_8.png,3437,1454,176.426
gen22_1778599883.jpg,g_0.png,2976,614,79.01
gen22_1778599883.jpg,g_7.png,617,2123,252.803
gen22_1778599883.jpg,y_9.png,1752,1176,28.614
gen22_1778599883.jpg,r_2.png,1369,627,279.723
gen22_1778599883.jpg,g_1.png,3062,1085,283.036
gen22_1778599883.jpg,b_skip.png,2417,1214,214.107
gen22_1778599883.jpg,b_2.png,2173,1004,63.789
gen23_1778599883.jpg,y_7.png,2094,40,177.765
gen23_1778599883.jpg,r_2.png,3142,1624,43.451
gen23_1778599883.jpg,b_8.png,2852,111,227.846
gen23_1778599883.jpg,b_draw_2.png,872,889,193.869
gen23_1778599883.jpg,g_9.png,1811,1924,314.837
gen23_1778599883.jpg,b_7.png,2347,714,231.328
gen23_1778599883.jpg,g_skip.png,3051,429,62.523
gen23_1778599883.jpg,y_4.png,1845,1886,105.984
gen23_1778599883.jpg,r_skip.png,3083,382,251.618
gen23_1778599883.jpg,b_7.png,1629,1762,43.26
gen24_1778599884.jpg,y_3.png,3034,416,310.218
gen24_1778599884.jpg,b_4.png,3395,865,97.916
gen24_1778599884.jpg,b_6.png,3291,1436,301.727
gen24_1778599884.jpg,g_5.png,2687,1525,3.926
gen24_1778599884.jpg,r_3.png,739,721,33.553
gen24_1778599884.jpg,r_8.png,1090,1414,247.157
gen24_1778599884.jpg,g_reverse.png,904,1176,89.167
gen24_1778599884.jpg,b_8.png,1205,546,83.167
gen24_1778599884.jpg,g_4.png,3097,1315,49.756
gen24_1778599884.jpg,r_1.png,1730,1353,155.386
gen25_1778599884.jpg,y_8.png,1041,2154,103.758
gen25_1778599884.jpg,b_8.png,2723,1572,313.077
gen25_1778599884.jpg,y_1.png,3268,917,192.043
gen25_1778599884.jpg,b_2.png,375,760,343.984
gen25_1778599884.jpg,g_0.png,734,923,237.656
gen25_1778599884.jpg,y_2.png,1622,285,255.639
gen25_1778599884.jpg,g_2.png,2870,437,12.118
gen25_1778599884.jpg,draw_4.png,1905,1695,158.885
gen25_1778599884.jpg,b_skip.png,1807,754,76.873
gen25_1778599884.jpg,r_1.png,1472,504,330.54
gen26_1778599884.jpg,y_draw_2.png,2242,359,32.177
gen26_1778599884.jpg,r_skip.png,2190,765,152.033
gen26_1778599884.jpg,r_9.png,1755,1277,42.634
gen26_1778599884.jpg,r_6.png,2009,741,52.201
gen26_1778599884.jpg,g_2.png,2483,1477,333.818
gen26_1778599884.jpg,b_8.png,1232,1667,170.106
gen26_1778599884.jpg,b_2.png,2356,1479,22.841
gen26_1778599884.jpg,r_4.png,1634,950,212.82
gen26_1778599884.jpg,y_6.png,2612,1676,210.014
gen26_1778599884.jpg,y_4.png,548,335,155.954
gen27_1778599884.jpg,y_draw_2.png,3348,436,62.84
gen27_1778599884.jpg,r_9.png,1411,1191,286.429
gen27_1778599884.jpg,b_3.png,2492,1212,10.305
gen27_1778599884.jpg,r_8.png,1523,1582,245.756
gen27_1778599884.jpg,y_6.png,636,2036,59.436
gen27_1778599884.jpg,g_6.png,592,1650,335.939
gen27_1778599884.jpg,g_7.png,2700,370,257.459
gen27_1778599884.jpg,b_4.png,2599,87,82.221
gen27_1778599884.jpg,g_6.png,1640,505,36.768
gen27_1778599884.jpg,draw_4.png,1396,937,135.121
gen28_1778599885.jpg,b_7.png,2174,1620,200.006
gen28_1778599885.jpg,y_4.png,857,1081,143.531
gen28_1778599885.jpg,y_skip.png,3043,788,46.674
gen28_1778599885.jpg,r_draw_2.png,547,791,43.207
gen28_1778599885.jpg,r_reverse.png,2892,83,238.952
gen28_1778599885.jpg,g_9.png,1441,1842,5.755
gen28_1778599885.jpg,r_reverse.png,2057,1432,279.66
gen28_1778599885.jpg,g_draw_2.png,3075,101,41.165
gen28_1778599885.jpg,g_6.png,1218,265,154.564
gen28_1778599885.jpg,r_skip.png,2385,65,68.285
gen29_1778599885.jpg,y_reverse.png,2953,217,207.9
gen29_1778599885.jpg,b_reverse.png,2527,1782,150.916
gen29_1778599885.jpg,b_5.png,3304,850,144.306
gen29_1778599885.jpg,wild.png,1553,902,206.964
gen29_1778599885.jpg,g_0.png,2162,1964,74.424
gen29_1778599885.jpg,y_2.png,592,577,308.809
gen29_1778599885.jpg,b_3.png,2857,339,148.954
gen29_1778599885.jpg,wild.png,2570,1976,43.448
gen29_1778599885.jpg,y_8.png,2610,199,54.015
gen29_1778599885.jpg,g_reverse.png,525,2090,267.038
gen30_1778599885.jpg,r_draw_2.png,59,558,140.14
gen30_1778599885.jpg,g_reverse.png,2555,1773,349.78
gen30_1778599885.jpg,r_9.png,478,9,216.621
gen30_1778599885.jpg,r_draw_2.png,1814,1798,188.976
gen30_1778599885.jpg,y_6.png,2248,2071,295.506
gen30_1778599885.jpg,g_0.png,878,567,353.625
gen30_1778599885.jpg,r_3.png,709,1491,180.555
gen30_1778599885.jpg,g_draw_2.png,1538,683,327.194
gen30_1778599885.jpg,b_1.png,3383,1908,8.388
gen30_1778599885.jpg,b_0.png,1286,1853,351.096
gen31_1778599885.jpg,g_0.png,2572,838,263.284
gen31_1778599885.jpg,y_reverse.png,518,811,315.656
gen31_1778599885.jpg,r_8.png,43,1571,165.702
gen31_1778599885.jpg,b_8.png,3318,898,20.445
gen31_1778599885.jpg,b_skip.png,73,478,325.716
gen31_1778599885.jpg,draw_4.png,2403,182,135.061
gen31_1778599885.jpg,r_1.png,1001,623,229.628
gen31_1778599885.jpg,g_skip.png,2018,1968,294.899
gen31_1778599885.jpg,b_6.png,2544,2045,0.723
gen31_1778599885.jpg,b_reverse.png,2704,421,167.752
gen32_1778599886.jpg,y_1.png,1498,1095,335.443
gen32_1778599886.jpg,g_reverse.png,1913,302,57.953
gen32_1778599886.jpg,b_9.png,2585,358,91.237
gen32_1778599886.jpg,b_2.png,1879,789,200.101
gen32_1778599886.jpg,y_8.png,379,201,181.669
gen32_1778599886.jpg,g_7.png,3263,1066,220.296
gen32_1778599886.jpg,b_5.png,1890,1963,249.283
gen32_1778599886.jpg,r_draw_2.png,2196,1880,180.618
gen32_1778599886.jpg,wild.png,769,1024,136.121
gen32_1778599886.jpg,b_9.png,1996,230,4.442
gen33_1778599886.jpg,r_1.png,307,439,189.756
gen33_1778599886.jpg,draw_4.png,1485,439,15.98
gen33_1778599886.jpg,r_3.png,275,1562,163.34
gen33_1778599886.jpg,y_4.png,2148,1709,33.234
gen33_1778599886.jpg,r_skip.png,1210,1329,240.291
gen33_1778599886.jpg,b_8.png,80,2082,248.08
gen33_1778599886.jpg,r_draw_2.png,2823,1955,326.245
gen33_1778599886.jpg,b_0.png,2912,1739,252.798
gen33_1778599886.jpg,b_8.png,2293,406,85.846
gen33_1778599886.jpg,r_0.png,1841,295,286.907
gen34_1778599886.jpg,g_reverse.png,3036,1559,25.86
gen34_1778599886.jpg,b_9.png,2681,1022,133.073
gen34_1778599886.jpg,y_reverse.png,2381,799,22.681
gen34_1778599886.jpg,b_2.png,2883,451,207.074
gen34_1778599886.jpg,y_5.png,2025,1862,91.51
gen34_1778599886.jpg,b_6.png,2395,408,11.745
gen34_1778599886.jpg,b_8.png,678,39,18.783
gen34_1778599886.jpg,y_5.png,1470,860,297.756
gen34_1778599886.jpg,g_3.png,1546,120,122.976
gen34_1778599886.jpg,b_8.png,1216,1563,261.575
gen35_1778599886.jpg,g_skip.png,422,7,38.24
gen35_1778599886.jpg,r_4.png,2942,1214,343.154
gen35_1778599886.jpg,y_1.png,625,351,326.325
gen35_1778599886.jpg,draw_4.png,2373,1068,260.164
gen35_1778599886.jpg,g_draw_2.png,744,1036,169.258
gen35_1778599886.jpg,r_8.png,3218,824,117.604
gen35_1778599886.jpg,y_9.png,86,449,248.516
gen35_1778599886.jpg,g_draw_2.png,1305,450,170.183
gen35_1778599886.jpg,r_7.png,3305,1283,83.548
gen35_1778599886.jpg,b_0.png,623,2058,256.1
gen36_1778599887.jpg,r_0.png,241,493,31.753
gen36_1778599887.jpg,g_draw_2.png,441,1749,218.733
gen36_1778599887.jpg,g_7.png,3246,1787,201.948
gen36_1778599887.jpg,r_2.png,3120,1847,41.772
gen36_1778599887.jpg,g_7.png,5,166,239.571
gen36_1778599887.jpg,b_4.png,3001,1044,143.233
gen36_1778599887.jpg,g_2.png,1047,1829,179.12
gen36_1778599887.jpg,wild.png,1788,922,326.446
gen36_1778599887.jpg,b_reverse.png,741,1771,329.85
gen36_1778599887.jpg,g_8.png,2446,601,352.612
gen37_1778599887.jpg,b_reverse.png,2628,1927,201.308
gen37_1778599887.jpg,r_draw_2.png,1130,1313,328.694
gen37_1778599887.jpg,g_1.png,105,627,310.133
gen37_1778599887.jpg,b_8.png,2762,157,151.234
gen37_1778599887.jpg,r_7.png,1597,979,53.373
gen37_1778599887.jpg,b_3.png,2797,895,118.941
gen37_1778599887.jpg,g_5.png,1558,510,265.362
gen37_1778599887.jpg,g_draw_2.png,897,948,197.545
gen37_1778599887.jpg,g_draw_2.png,28,1035,276.89
gen37_1778599887.jpg,r_reverse.png,2274,1733,286.177
gen38_1778599887.jpg,r_5.png,1227,903,200.583
gen38_1778599887.jpg,b_2.png,2109,777,240.281
gen38_1778599887.jpg,g_3.png,478,605,241.506
gen38_1778599887.jpg,r_7.png,72,882,254.861
gen38_1778599887.jpg,wild.png,1415,1920,243.118
gen38_1778599887.jpg,r_9.png,3064,312,339.778
gen38_1778599887.jpg,g_reverse.png,1091,66,173.166
gen38_1778599887.jpg,b_4.png,2678,1309,59.51
gen38_1778599887.jpg,b_9.png,1796,2045,264.228
gen38_1778599887.jpg,r_reverse.png,2725,1053,193.372
gen39_1778599887.jpg,b_reverse.png,321,1589,209.618
gen39_1778599887.jpg,y_0.png,3354,1203,101.924
gen39_1778599887.jpg,r_3.png,1169,1840,63.31
gen39_1778599887.jpg,g_reverse.png,83,1102,95.704
gen39_1778599887.jpg,wild.png,117,422,189.341
gen39_1778599887.jpg,y_5.png,1124,665,180.309
gen39_1778599887.jpg,b_1.png,1613,987,30.215
gen39_1778599887.jpg,r_8.png,2706,1826,236.169
gen39_1778599887.jpg,g_draw_2.png,1773,458,14.849
gen39_1778599887.jpg,y_draw_2.png,3577,529,356.332
gen40_1778599888.jpg,b_2.png,1050,398,191.947
gen40_1778599888.jpg,b_7.png,1590,211,93.946
gen40_1778599888.jpg,r_reverse.png,3169,639,300.089
gen40_1778599888.jpg,b_5.png,2439,1664,112.019
gen40_1778599888.jpg,draw_4.png,2495,1036,90.617
gen40_1778599888.jpg,draw_4.png,414,1267,205.645
gen40_1778599888.jpg,r_9.png,576,487,314.69
gen40_1778599888.jpg,y_3.png,1990,1635,116.758
gen40_1778599888.jpg,g_5.png,1707,1488,219.906
gen40_1778599888.jpg,b_1.png,321,1555,310.5
gen41_1778599888.jpg,r_7.png,1934,1227,252.507
gen41_1778599888.jpg,y_4.png,1959,1250,225.581
gen41_1778599888.jpg,y_skip.png,3164,894,145.588
gen41_1778599888.jpg,y_3.png,952,184,194.51
gen41_1778599888.jpg,y_3.png,1943,254,208.566
gen41_1778599888.jpg,y_7.png,1749,834,97.163
gen41_1778599888.jpg,y_5.png,1621,2061,9.636
gen41_1778599888.jpg,g_9.png,2502,2033,293.027
gen41_1778599888.jpg,g_6.png,1252,1223,290.085
gen41_1778599888.jpg,y_8.png,243,1760,274.878
gen42_1778599888.jpg,b_draw_2.png,543,397,322.256
gen42_1778599888.jpg,b_draw_2.png,2429,720,41.269
gen42_1778599888.jpg,b_6.png,170,1668,103.376
gen42_1778599888.jpg,y_7.png,529,17,12.988
gen42_1778599888.jpg,b_0.png,1581,1853,24.264
gen42_1778599888.jpg,y_3.png,2304,1339,209.062
gen42_1778599888.jpg,b_4.png,3272,298,196.529
gen42_1778599888.jpg,g_1.png,29,498,171.772
gen42_1778599888.jpg,r_3.png,1424,477,69.492
gen42_1778599888.jpg,g_3.png,2475,706,153.797
gen43_1778599888.jpg,g_3.png,759,343,290.073
gen43_1778599888.jpg,r_8.png,2183,915,336.247
gen43_1778599888.jpg,y_1.png,667,242,143.467
gen43_1778599888.jpg,b_reverse.png,1457,448,248.517
gen43_1778599888.jpg,b_6.png,804,1605,304.434
gen43_1778599888.jpg,g_2.png,3352,1517,358.09
gen43_1778599888.jpg,r_8.png,1666,1111,249.045
gen43_1778599888.jpg,y_0.png,2989,1038,18.309
gen43_1778599888.jpg,g_9.png,794,1527,305.719
gen43_1778599888.jpg,b_reverse.png,976,1816,10.264
gen44_1778599889.jpg,b_draw_2.png,940,1117,88.283
gen44_1778599889.jpg,r_7.png,2947,1980,216.432
gen44_1778599889.jpg,r_7.png,2906,692,326.492
gen44_1778599889.jpg,y_8.png,2505,938,13.401
gen44_1778599889.jpg,y_4.png,541,212,228.24
gen44_1778599889.jpg,b_5.png,2020,1159,305.501
gen44_1778599889.jpg,r_8.png,1127,461,176.098
gen44_1778599889.jpg,y_draw_2.png,741,1199,92.98
gen44_1778599889.jpg,r_reverse.png,105,737,198.091
gen44_1778599889.jpg,y_skip.png,527,136,11.697
gen45_1778599889.jpg,y_draw_2.png,228,1202,90.917
gen45_1778599889.jpg,b_6.png,949,1743,317.093
gen45_1778599889.jpg,g_3.png,1292,105,290.394
gen45_1778599889.jpg,g_0.png,2919,1588,116.787
gen45_1778599889.jpg,r_0.png,3125,2010,109.144
gen45_1778599889.jpg,b_3.png,1078,45,318.385
gen45_1778599889.jpg,b_6.png,42,816,140.101
gen45_1778599889.jpg,g_3.png,549,578,46.158
gen45_1778599889.jpg,b_draw_2.png,413,1438,212.073
gen45_1778599889.jpg,b_5.png,1587,1256,234.646
gen46_1778599889.jpg,y_8.png,748,1906,235.154
gen46_1778599889.jpg,b_9.png,2091,1692,52.23
gen46_1778599889.jpg,y_skip.png,2187,821,10.484
gen46_1778599889.jpg,b_8.png,3039,2020,96.631
gen46_1778599889.jpg,b_3.png,2407,1898,303.903
gen46_1778599889.jpg,b_5.png,447,1086,43.093
gen46_1778599889.jpg,g_3.png,877,1731,222.121
gen46_1778599889.jpg,g_skip.png,881,887,72.645
gen46_1778599889.jpg,y_1.png,3104,2012,195.605
gen46_1778599889.jpg,g_9.png,901,1817,243.167
gen47_1778599889.jpg,y_3.png,3056,1563,93.547
gen47_1778599889.jpg,y_draw_2.png,1355,896,160.31
gen47_1778599889.jpg,g_0.png,2833,141,54.258
gen47_1778599889.jpg,g_0.png,1686,1105,52.07
gen47_1778599889.jpg,y_draw_2.png,2033,1553,341.974
gen47_1778599889.jpg,g_reverse.png,1882,1267,72.294
gen47_1778599889.jpg,g_reverse.png,2741,1517,155.469
gen47_1778599889.jpg,r_5.png,1210,1039,154.087
gen47_1778599889.jpg,y_8.png,3091,780,207.857
gen47_1778599889.jpg,r_9.png,2649,1569,32.023
gen48_1778599889.jpg,g_2.png,692,1854,334.444
gen48_1778599889.jpg,y_8.png,599,173,235.205
gen48_1778599889.jpg,b_2.png,2181,289,80.656
gen48_1778599889.jpg,b_6.png,942,1077,158.155
gen48_1778599889.jpg,r_4.png,2112,1371,263.586
gen48_1778599889.jpg,y_3.png,721,116,241.882
gen48_1778599889.jpg,y_5.png,2881,888,242.231
gen48_1778599889.jpg,wild.png,1206,439,309.052
gen48_1778599889.jpg,b_draw_2.png,1108,417,283.245
gen48_1778599889.jpg,g_skip.png,3143,322,254.073
gen49_1778599890.jpg,draw_4.png,1022,782,81.29
gen49_1778599890.jpg,y_0.png,64,59,44.35
gen49_1778599890.jpg,g_7.png,2805,92,149.246
gen49_1778599890.jpg,g_2.png,2902,602,249.761
gen49_1778599890.jpg,y_5.png,2290,684,250.748
gen49_1778599890.jpg,b_5.png,2269,223,147.528
gen49_1778599890.jpg,g_0.png,2796,1359,134.404
gen49_1778599890.jpg,b_2.png,39,1798,347.22
gen49_1778599890.jpg,y_6.png,1826,441,53.507
gen49_1778599890.jpg,b_0.png,1243,653,316.298
